name,roaster,roast,loc_country,origin,100g_USD,rating,review_date,review
100% Kona Bourbon Pointu Laurina,Hula Daddy Kona Coffee,Medium-Light,Hawai'i,Hawai'I,19.82,95,November 2017,"Sweet, deep, intense but balanced. Peach, maple syrup, sandalwood, grapefruit zest, almond, magnolia in aroma and cup. Round, resonantly and sweetly bright in structure. Silky and buoyant in mouthfeel. Deep, long, flavor-saturated finish."
100% Kona Bourbon Pointu Laurina,Hula Daddy Kona Coffee,Medium-Light,Hawai'i,Hawai'I,19.82,95,February 2019,"Delicately fruit-toned, richly cocoa-driven. Ripe strawberry, dark chocolate,  almond, freesia-like flowers, a hint of wine barrel in aroma and cup. Sweet-tart structure with crisp, high-toned acidity; full, syrupy mouthfeel. The flavor-saturated finish sustains all of the aroma and flavor notes promised by the cup."
100% Kona Bourbon Pointu Laurina,Hula Daddy Kona Coffee,Medium-Light,Hawai'i,Hawai'I,27.76,95,February 2020,"Deeply and sweetly pungent; layered and intricate. Dark chocolate, raspberry, freesia, port wine, a hint of fresh, fragrant tobacco in aroma and cup. Balanced, quietly forceful in its sweet-savory structure; light but exceptionally silky in mouthfeel. All notes ring on in a layered, flavor-saturated finish."
100% Kona Bourbon Pointu Laurina,Hula Daddy Kona Coffee,Medium-Light,Hawai'i,Hawai'I,27.76,95,November 2021,"Richly aromatic, deeply sweet. Dark chocolate, blackberry, honeysuckle, fresh-cut oak, lemon balm in aroma and cup. Sweet-toned structure with lively acidity; delicately satiny mouthfeel. Rich chocolate and fresh blackberry notes dominate in a flavor-saturated finish."
5a Poniente,El Gran Café,Medium-Dark,Guatemala,Guatemala,1.47,86,October 2020,"Chocolaty, sweetly smoky. Dark chocolate, scorched mesquite, lily, raisin, hazelnut in aroma and cup. Bittersweet structure with gentle acidity; crisp, light mouthfeel. Bittersweet finish with notes of chocolate and scorched mesquite."
5a Poniente,El Gran Cafe,Medium-Light,Guatemala,Guatemala,1.47,91,November 2022,"Sweetly herb- and spice-toned. Lemon verbena, plum, clove, oak, maple syrup in aroma and cup. Sweetly tart structure with delicate acidity; crisp, silky mouthfeel. The finish leads with notes of lemon verbena and plum in the short, consolidating to fragrant oak in the long."
5a Poniente,El Gran Cafe,Medium,Guatemala,Guatemala,1.47,88,December 2021,"Richly bittersweet. Dark chocolate, hop flowers, fir, almond, raisin in aroma and cup. Bittersweet structure with gentle acidity; very full, syrupy mouthfeel. The crisp, chocolaty finish is supported by smoky aromatic wood notes."
5a Sur,El Gran Cafe,Medium,Guatemala,Guatemala,1.47,89,December 2021,"Crisply sweet, nut-toned. Cashew butter, baking chocolate, magnolia, pear, cedar in aroma and cup. Sweetly brisk structure; satiny mouthfeel. The finish consolidates to notes of cashew and cedar."
5a Sur,El Gran Café,Medium,Guatemala,Guatemala,1.47,86,October 2020,"Sweetly nut- and cocoa-toned. Hazelnut, cocoa powder, magnolia, cedar, golden raisin in aroma and cup. Sweet structure with brisk acidity; velvety mouthfeel. The nut-toned finish is supported by hints of cocoa powder and cedar. "
5a Sur,El Gran Cafe,Medium,Guatemala,Guatemala,1.47,91,November 2022,"Chocolate-toned, richly sweet-savory. Dark chocolate, nasturtium, black ucherry, cedar, agave syrup in aroma and cup. Bittersweet structure with gentle, rounded acidity; plush, syrupy mouthfeel. The quiet finish consolidates to crisp cocoa-toned cedar notes."
Andi Sumatra,JBC Coffee Roasters,Medium-Light,United States,Indonesia,5.73,92,September 2020,"Deep-toned, richly sweet. Date, magnolia, molasses, almond, cedar in aroma and cup. Sweet structure with round, gentle acidity; full, syrupy mouthfeel. Finish consolidates to notes of molasses and almond."
Andi Sumatra,JBC Coffee Roasters,Medium-Light,United States,Indonesia,5.73,93,August 2021,"Deeply sweet, richly savory. Black cherry, freesia-like flowers, almond, dark chocolate, fresh-cut cedar in aroma and cup. Sweet-savory structure with gentle, round acidity; plush, creamy mouthfeel. The resonant finish consolidates around notes of black cherry and dark chocolate with cedar undertones. "
Banco Gotete Ethiopia,JBC Coffee Roasters,Medium-Light,United States,Ethiopia,5.44,94,February 2019,"Delicate, richly floral, sweetly spice-toned. Almond nougat, white peach, pink peppercorn, wisteria-like flowers, fragrant sandalwood in aroma and cup. Richly bittersweet structure with vibrant, juicy acidity; plush, syrupy mouthfeel. Resonant, flavor-saturated finish centers around peach, wisteria and sandalwood."
Banco Gotete Ethiopia,JBC Coffee Roasters,Medium-Light,United States,Ethiopia,4.82,93,July 2019,"Sweetly floral and richly resinous. Cedar, lemon zest, dried jasmine, cacao nib, loquat in aroma and cup. Delicate, sweetly brisk in structure; silky and lively in mouthfeel. Flavor consolidates around cedar and cocoa in a crisp, drying finish."
Bella Carmona Guatemala,JBC Coffee Roasters,Medium-Light,United States,Guatemala,4.67,93,June 2019,"Deeply rich, equally sweet and savory. Brown sugar, hop flowers, toasted coconut, chestnut, sumac in aroma and cup. Sweet-tart-savory structure with vibrant, juicy acidity; viscous, satiny mouthfeel. The resonant finish consolidates to coconut and chestnut with undertones of brown sugar."
Bella Carmona Guatemala,JBC Coffee Roasters,Medium-Light,United States,Guatemala,5.0,93,August 2022,"Evaluated as espresso. Caramel, almond butter, yellow plum, orange zest, cedar in aroma and small cup. Crisp, satiny mouthfeel; richly nut-driven finish. In three parts milk, almond and caramel tones commingle, supported by plum and cedar."
Bella Carmona Guatemala,JBC Coffee Roasters,Light,United States,Guatemala,5.0,92,September 2021,"Richly sweet-savory, citrus-toned. Tangerine zest, maple syrup, pistachio, rhododendron, baking chocolate in aroma and cup. Balanced structure with gentle, round acidity; full, lightly syrupy mouthfeel. The quiet finish is carried by notes of baking chocolate and pistachio."
Bella Carmona Guatemala,JBC Coffee Roasters,Medium-Light,United States,Guatemala,5.0,93,June 2020,"Richly sweet, deeply chocolaty. Baking chocolate, crisp pear, orange zest, oak, freesia-like flowers in aroma and cup. Sweet structure with pert acidity; syrupy mouthfeel. Finish consolidates to rich chocolate and freesia-like floral notes."
Birambo Village DR Congo,JBC Coffee Roasters,Medium-Light,United States,Democratic Republic Of The Congo,5.58,93,May 2022,"Crisp, balanced, very sweet. Aromatic orchid, apricot, almond, cocoa nib, lemon verbena in aroma and cup. Sweet-toned structure with brisk acidity; very syrupy mouthfeel. Nut- and cocoa-toned finish with undertones of apricot and lemon verbena."
Birambo Village DR Congo,JBC Coffee Roasters,Medium-Light,United States,Democratic Republic Of The Congo,5.26,91,March 2020,"Rich-toned, sweetly savory. Dried apricot, baking chocolate, lily, cedar, toasted barley in aroma and cup. Sweet-savory structure with bright, balanced acidity; full, satiny mouthfeel. A quiet finish consolidates to notes of baking chocolate and lily with undertones of cedar."
Camilina Geisha,Bird Rock Coffee Roasters,Medium-Light,United States,Panama,19.84,94,December 2018,"Crisply floral and sweetly herb-toned. Dark chocolate, lavender, dried pear, tangerine zest, frankincense in aroma and cup. Sweet-tart in structure with lively, expansive acidity; crisp, syrupy mouthfeel. The finish consolidates to pretty notes of lavender and dark chocolate, with a hint of tangerine zest."
Camilina Geisha,Bird Rock Coffee Roasters,Medium-Light,United States,Panama,49.97,95,October 2020,"Delicately fruit-forward, multi-layered, complex. Dark chocolate, blackberry jam, macadamia nut, honey, sandalwood in aroma and cup. Sweet-savory structure with winy acidity; very full, syrupy-smooth mouthfeel. Fruit-toned finish with deep, lasting chocolate undertones. "
Colombia Buesaco,Old World Coffee Lab,Medium-Light,United States,Colombia,7.35,92,October 2022,"Crisply cocoa- and berry-toned. Raspberry, cocoa nib, brown sugar, hazelnut, fir in aroma and cup. Sweet-tart structure with brisk acidity; full, syrupy mouthfeel. The gently drying finish consolidates to notes of brown sugar and fir."
Colombia Buesaco,Oak & Bond Coffee Company,Medium-Light,United States,Colombia,5.29,93,July 2020,"High-toned, crisply sweet-tart. Tangerine zest, cocoa nib, apricot, cedar, freesia-like flowers in aroma and cup. Brightly sweet-tart structure with lively, juicy acidity; satiny-smooth mouthfeel. The resonant finish centered around notes of cocoa nib, tangerine zest and cedar."
Colombia Geisha,Paradise Roasters,Medium-Light,United States,Colombia,11.73,93,April 2020,"Rich-toned, exceptionally sweet. Blood orange zest, lilac, baking chocolate, pear, cedar in aroma and cup. High-toned, bittersweet structure with juicy, balanced acidity; satiny-smooth mouthfeel. Long, chocolaty, fruit-toned finish."
Colombia Geisha,Paradise Roasters,Medium-Light,United States,Colombia,7.61,94,December 2018,"Deep, richly sweet-savory. Black currant, fine musk, toffee, jasmine, celery seed in aroma and cup. Sweet-savory in structure with bright, juicy acidity; plush, syrupy mouthfeel. The flavor-saturated finish is equal parts sweet-leaning (black currant, toffee, jasmine) and savory (musk, celery seed). "
Colombia Nariño,Revel Coffee,Medium-Light,United States,Colombia,5.0,93,June 2020,"Deeply and richly sweet, quite chocolaty. Dark chocolate, red grape, magnolia, maple syrup, oak in aroma and cup. Sweet-toned structure with bright, lively acidity; smooth, velvety mouthfeel. The pleasing finish consolidates to notes of dark chocolate and magnolia."
Colombia Nariño,Dragonfly Coffee Roasters,Medium-Light,United States,Colombia,3.67,91,April 2021,"Crisply sweet, chocolaty. Baking chocolate, raisin, cedar, almond, lily in aroma and cup. Sweet-toned structure with brisk acidity; velvety mouthfeel. Gently drying finish consolidates to notes of chocolate-toned raisin and cedar."
Colombia Pink Bourbon,Paradise Roasters,Medium-Light,United States,Colombia,7.33,94,June 2019,"Elegant, tropical, rich-toned. Strawberry guava, honeysuckle, almond, sandalwood, cacao nib in aroma and cup. Richly sweet structure with bright, vibrant acidity; lush, syrupy mouthfeel. Lingering notes of strawberry and honeysuckle in the delicate finish."
Colombia Pink Bourbon,Paradise Roasters,Medium-Light,United States,Colombia,11.17,94,June 2022,"Complex, nuanced, high-toned. Wild raspberry, honeysuckle, cocoa nib, tangerine zest, honey in aroma and cup. Sweetly tart with juicy-bright acidity; full, satiny-smooth mouthfeel. The inviting finish leads with notes of cocoa nib and honey."
Colombia Pink Bourbon,Black Coffee In Black Jar,Medium-Light,Taiwan,Colombia,32.0,92,December 2019,"Crisply sweet, delicately tart. Pomegranate, grapefruit zest, magnolia, elm, maple syrup in aroma and cup. Sweet-tart structure with brisk acidity; satiny-smooth mouthfeel. Rich-toned finish with notes of pomegranate and magnolia in the short and maple syrup in the long."
Colombia Pink Bourbon Honey,Bird Rock Coffee Roasters,Medium-Light,United States,Colombia,8.52,95,April 2021,"Bright, juicy, high-toned. Guava, almond butter, wild honey, tangerine zest, narcissus-like flowers in aroma and cup. Richly sweet, elegantly tart structure with high-toned, vibrant acidity; very full, syrupy mouthfeel. The long, lingering, flavor-saturated finish carries forward all the notes from the cup."
Colombia Pink Bourbon Honey,Bird Rock Coffee Roasters,Medium-Light,United States,Colombia,8.23,93,July 2020,"Floral and sweetly spice-toned. Jasmine, pink peppercorn, apricot, baking chocolate, fresh-cut oak in aroma and cup. Sweet-savory structure with balanced, bright acidity; satiny-smooth mouthfeel. Finish consolidates to notes of apricot and baking chocolate with hints of jasmine at the top and oak underneath."
Colombia Quindio Anaerobic Natural,Paradise Roasters,Medium-Light,United States,Colombia,8.82,94,June 2022,"Evaluated as espresso. Brightly fruit-toned, deeply chocolaty, with savory undertones. Rambutan, sandalwood, kumquat, dark chocolate, freesia in aroma and small cup. Crisp, satiny mouthfeel; especially long, flavor-laden finish. In three parts milk, sandalwood notes frame the dark chocolate and tropical fruit throughlines."
Colombia Quindio Anaerobic Natural,Paradise Roasters,Medium-Light,United States,Colombia,8.82,94,June 2022,"Richly fruit and spice-toned. Dried elderberry, clove, agave syrup, marjoram, sandalwood in aroma and cup. Sweet-savory structure with vibrant acidity; syrupy-smooth mouthfeel. The resonant finish leads with notes of elderberry and sandalwood."
Colombia Tres Dragones,modcup coffee,Medium-Light,United States,Colombia,7.94,95,June 2022,"Richly sweet-savory, fruit-forward, juicy. Dried pineapple, dark chocolate, wine barrel, magnolia, hop flowers in aroma and cup. Richly sweet-savory structure with high-toned acidity; plush, viscous mouthfeel. The fruit-driven finish is complicated by notes of wine barrel and magnolia. "
Colombia Tres Dragones,Bird Rock Coffee Roasters,Light,United States,Colombia,8.11,94,November 2022,"Richly chocolaty, sweetly fermenty. Cherry cordial, chocolate fudge, almond brittle, fine musk, gardenia in aroma and cup. Brightly sweet structure with juicy, winey acidity; full, viscous mouthfeel. Crisply chocolaty, fruity finish with a whisper of alcohol ferment."
Cordillera del Fuego Costa Rica Anaerobic,Black & White Coffee Roasters,Medium-Light,United States,Costa Rica,5.88,93,November 2019,"Crisply sweet, richly tart-savory. Dried apricot, marjoram, wild honey, oak, narcissus in aroma and cup. Balanced sweet-tart structure with vibrant, juicy acidity; satiny-smooth mouthfeel. The finish consolidates to dried apricot and marjoram with undertones of honey."
Cordillera del Fuego Costa Rica Anaerobic,Collage Coffee,Medium-Light,United States,Costa Rica,5.29,93,November 2019,"Richly spicy, musky, chocolaty. Mexican chocolate (cocoa nib, vanilla, cinnamon, sugar), dried parsley, nutmeg, musk in aroma and cup. Crisp and piquant in structure; light, silky mouthfeel. The impressive finish is drying yet quite sweet, saturated with chocolate, cinnamon and musk suggestions."
Costa Rica Las Lajas Red Honey,Durango Coffee Company,Medium-Light,United States,Costa Rica,4.69,93,January 2021,"Gently sweet-tart, complexly layered. Blueberry jam, jasmine, almond, cedar, caramel in aroma and cup. Fruit-forward structure with gentle acidity; full, syrupy mouthfeel. Finish consolidates to notes of blueberry and caramel with undertones of cedar."
Costa Rica Las Lajas Red Honey,Durango Coffee Company,Medium,United States,Costa Rica,4.69,93,December 2019,"Deeply sweet, subtly tart, nuanced. Ripe blueberry, freesia-like flowers, almond, fresh-cut cedar, nougat in aroma and cup. Sweetly fruit-toned structure with round acidity; full, syrupy mouthfeel. Finish consolidates to notes of blueberry and nougat with undertones of cedar. "
Costa Rica Perla Negra,Durango Coffee Company,Medium,United States,Costa Rica,4.98,95,August 2018,"Evaluated as espresso. Deeply rich, crisply sweet, fruit- and chocolate-toned. Dried mango, chocolate fudge, narcissus-like flowers, roasted almond, fresh-cut cedar in aroma and small cup. Lively, silky smooth mouthfeel; resonant, flavor-saturated finish. The chocolate-forward presentation in three parts milk is nuanced by notes of mango and fresh-cut cedar."
Costa Rica Perla Negra,Durango Coffee Company,Medium,United States,Costa Rica,4.98,92,September 2020,"Sweet, crisp, fruit-toned. Raspberry, cocoa nib, orange zest, magnolia, fir in aroma and cup. Sweet-toned structure with round acidity; velvety-smooth mouthfeel. The finish consolidates to cocoa-toned raspberry and fir."
Costa Rica Termico,RamsHead Coffee Roasters,Medium-Light,United States,Costa Rica,6.75,92,October 2020,"Crisply fruit-toned, richly sweet-savory. Grape candy, sassafras, almond, gardenia, agave syrup in aroma and cup. Bittersweet structure with gentle, round acidity; velvety mouthfeel. The sweet-savory finish is characterized by notes of grape candy, sassafras and almond."
Costa Rica Termico,Battlecreek Coffee,Light,United States,Costa Rica,5.88,91,February 2022,"Crisply spice-toned. Nutmeg, clove, baking chocolate, date, fir in aroma"
Ecuador Pichincha Typica,Paradise Roasters,Medium-Light,United States,Ecuador,6.15,93,April 2018,"Delicate, intricately sweet. Dried mango, roasted cacao nib, honeysuckle, freesia-like flowers, a hint of cumin in aroma and cup. Deeply rich, balanced  structure; crisp, satiny mouthfeel. The finish is animated by lively mango and freesia notes in the short, quieting to cocoa-toned honeysuckle in the long."
Ecuador Pichincha Typica,Paradise Roasters,Medium-Light,United States,Ecuador,7.61,93,March 2019,"Richly sweet-savory, spice-toned. Lemon verbena, mango, cacao nib, freesia-like flowers, almond butter in aroma and cup. Balanced, bittersweet structure with vibrant, juicy acidity; delicate, silky-smooth mouthfeel. The resonant, lingering finish centers around cocoa-toned mango and almond."
El Salvador Pacamara,RamsHead Coffee Roasters,Medium-Light,United States,El Salvador,5.28,93,August 2021,"Chocolaty, sweetly savory. Baking chocolate, lemon verbena, pomegranate, fresh-cut oak, maple syrup in aroma and cup. Sweet-toned structure with round acidity; full, satiny mouthfeel. Quiet finish leads with notes of baking chocolate and maple syrup, supported by undertones of fresh-cut oak."
El Salvador Pacamara,Speckled Ax,Medium-Light,United States,El Salvador,7.35,92,December 2018,"Fruit-forward, crisply sweet. Peach, grapefruit zest, hazelnut, molasses, oak in aroma and cup. Savory-sweet structure with round, gentle acidity; full, satiny mouthfeel. The resonant finish centers around notes of peach, grapefruit zest and oak."
El Salvador Pacamara,RamsHead Coffee Roasters,Medium,United States,El Salvador,5.28,92,July 2020,"Richly sweet-savory, cocoa-toned. Cocoa powder, hop flowers, black cherry, fresh-cut oak, agave syrup in aroma and cup. Balanced, bittersweet structure with brisk acidity; plush, syrupy mouthfeel. Finish consolidates to cocoa-toned black cherry and oak."
Esmeralda Estate Panama Geisha,Difference Coffee,,England,Panama,111.11,94,August 2021,"Evaluated as espresso produced as a “ristretto” 25ml (.85-ounce) shot using a Nespresso capsule espresso brewer with whole milk heated using a conventional steam wand. Rich-toned, floral- and fruit-driven. Jasmine, apricot, almond, baking chocolate, cedar in aroma and small cup. Delicately viscous mouthfeel; crisp finish centered around chocolate and almond notes. The milk shot is boldly pleasing, chocolate-laden and richly floral."
Esmeralda Estate Panama Geisha,Difference Coffee,,England,Panama,100.0,94,November 2020,"Evaluated as espresso produced as a “ristretto” 25ml (.85-ounce) shot using a Nespresso capsule espresso brewer with whole milk heated using a conventional steam wand. Richly aromatic, floral and balanced. Jasmine, orange zest, baking chocolate, pear, cedar in aroma and small cup. Silky-smooth mouthfeel. Crisp finish leads with notes of jasmine and orange zest, with undertones of baking chocolate throughout. Chocolate notes deepen in three parts milk, as do sweet florals."
Esmeralda Estate Panama Geisha,Difference Coffee,,England,Panama,111.11,94,June 2020,"Evaluated as espresso produced as a ristretto 25ml (.85-ounce) shot using a Nespresso capsule espresso brewer with whole milk heated using a conventional steam wand. Delicate, floral-toned. Honeysuckle, white peach, lime zest, cocoa nib, cedar in aroma and small cup. Silky, buoyant mouthfeel. The elegant finish centers around notes of honeysuckle and lime zest, with cocoa nib lingering into the long. Cappuccino-scaled milk further amplifies floral and chocolate tones."
Esmeralda Estate Panama Geisha,Difference Coffee,,England,Panama,111.11,94,July 2022,"Evaluated as espresso produced as a “ristretto” 25ml (.85-ounce) shot using a Nespresso capsule espresso brewer with whole milk heated using a conventional steam wand. Crisply sweet, floral-toned. Lilac, plum, almond, cocoa nib, lemon verbena in aroma and small cup. Silky-smooth mouthfeel; crisp finish with notes of cocoa nib and lemon verbena. In cappuccino format, cocoa notes are further elevated and sweet herb notes provide bright ballast. "
Esmeralda Estate Panama Geisha,Difference Coffee,,England,Panama,111.11,94,August 2018,"Evaluated as espresso produced as a ristretto 25ml (.85-ounce) shot using a Nespresso capsule espresso brewer with whole milk heated using a conventional steam wand. Sweetly bright, intricate, original. Peach, sandalwood, lemon tart, baker’s chocolate, rhododendron-like flowers in aroma and small cup. Delicately plump in mouthfeel; long, resonant, peach- and lemon-saturated finish. Remains crisply tart in three parts milk, with flavor consolidating around a subtle, elegant dry chocolate.  "
Esperanza Villa Sarchi,El Gran Cafe,Light,Guatemala,Guatemala,4.85,90,December 2021,"Balanced, richly bittersweet. Cocoa powder, prairie flowers, date, lily, fresh-cut oak in aroma and cup. Savory-sweet structure with bittersweet acidity; full, syrupy mouthfeel. The gently drying finish centers around notes of cocoa powder and fir."
Esperanza Villa Sarchi,El Gran Cafe,Medium-Light,Guatemala,Guatemala,4.85,92,November 2022,"Crisply sweet, nut-toned. Nutella, peach, lime zest, cedar, magnolia in aroma and cup. Sweet structure with gentle, round acidity; velvety-smooth mouthfeel. Gently drying, very sweet nut-toned finish. "
Espresso,Lina Premium Coffee,Medium-Dark,United States,Colombia,4.63,91,March 2021,"Evaluated as espresso. Deep-toned, chocolaty and rich. Dark chocolate, hazelnut, gently scorched cedar, raisin, gardenia-like flowers in aroma and small cup. Full, creamy mouthfeel; chocolaty, wood-framed finish. Milk amplifies both dark chocolate and hazelnut notes in a richly sweet presentation."
Espresso,Hula Daddy Kona Coffee,Medium-Light,Hawai'i,Hawai'I,27.76,94,November 2021,"Evaluated as espresso. Balanced, chocolaty, subtly fruit-toned. Dark chocolate, tamarind, wild honey, marjoram, honeysuckle in aroma and small cup. Plush, syrupy mouthfeel; chocolaty finish with undertones of tamarind and wild honey. In cappuccino-scaled milk, tart tamarind notes stand up to the chocolate, and undercurrents of honeysuckle contribute sweet spice notes."
Ethiopia,Caffeic,Medium-Light,United States,Ethiopia,3.97,93,October 2018,"Crisply sweet, fruit-toned. Raspberry, roasted cacao nib, honey, fresh-cut fir, freesia-like flowers in aroma and cup. Richly sweet-tart in structure with vibrant acidity; delicate, silky mouthfeel. The long, lasting finish centers around cocoa-toned honey and freesia."
Ethiopia,Caffeic,Medium-Light,United States,Ethiopia,4.12,93,March 2018,"Richly sweet, spice-toned. Dried cherry, lemon zest, baker’s chocolate, cashew, a hint of cayenne in aroma and cup. Delicate, sweetly tart structure with bright acidity; crisp, velvety mouthfeel. The flavor-saturated finish centers on citrus notes and chocolate in the short, with a suggestion of cayenne in the long."
Ethiopia Banko Gotiti,Red Rooster Coffee Roaster,Light,United States,Ethiopia,4.99,94,January 2018,"Resonantly fruit-forward, elegant, complex. Honey, dried raspberry, chocolate truffle, aged rum, a hint of marjoram in aroma and cup. Juicy, rich structure with bright, vibrant acidity; full, satiny mouthfeel. A suggestion of sweet marjoram complicates the rich, flavor-saturated finish, which leads with honey and raspberry notes in the short, rounding to chocolate and aged rum in the long."
Ethiopia Banko Gotiti,Bird Rock Coffee Roasters,Medium-Light,United States,Ethiopia,5.88,94,October 2020,"Complex, intricate, deeply sweet. Star jasmine, cocoa nib, nectarine, frankincense, spearmint in aroma and cup. Bright, juicy acidity; plush, velvety mouthfeel. Resonant, flavor-saturated finish leads with notes of star jasmine and nectarine, balanced by suggestions of crisp cocoa."
Ethiopia Banko Gotiti,PT's Coffee Roasting Co.,Medium-Light,United States,Ethiopia,5.73,94,October 2020,"Delicate, spice-toned, richly aromatic. Narcissus-like flowers, cocoa nib, peach, lemon verbena, a hint of eucalyptus wood in aroma and cup. High-toned, vibrant acidity; full, syrupy mouthfeel. The deep, cocoa-toned finish centers around notes of narcissus and peach."
Ethiopia Banko Gotiti Natural,Kakalove Cafe,Light,Taiwan,Ethiopia,4.6,94,February 2018,"Deeply and richly sweet; spice-toned. Lavender, mulberry, bay leaf, lemon zest, allspice in aroma and cup. Sweet-toned structure with vibrant acidity; buoyant, silky mouthfeel. The long, resonant finish is laden with spice-toned floral notes and bright berry suggestions."
Ethiopia Banko Gotiti Natural,Coffee Please,Light,Taiwan,Ethiopia,4.96,94,April 2018,"High-toned, deeply sweet. Honeysuckle, blackberry, cardamom, tangerine zest, sandalwood in aroma and cup. Sweet-tart structure with vibrant acidity; buoyant, satiny mouthfeel. The flavor-saturated finish leads with rich floral notes and crisply sweet suggestions of mixed berries"
Ethiopia Deri Kochoha,Flight Coffee Co.,Medium-Light,United States,Ethiopia,5.0,93,January 2019,"Bright, crisp, sweetly tart. Citrus medley, cacao nib, pink peppercorn, dogwood, almond in aroma and cup. Sweet-tart structure with lively acidity; crisp, satiny mouthfeel. The short finish is intense with notes of citrus and pink peppercorn, while the long softens to almond-toned florals."
Ethiopia Deri Kochoha,States Coffee & Mercantile,Medium-Light,United States,Ethiopia,5.29,93,August 2018,"Sweetly and gently tart. Lavender, brown sugar, lemon zest, honeydew melon, fresh pipe tobacco in aroma and cup. Delicately sweet-tart and juicy in structure; lightly syrupy in mouthfeel. Flavor consolidates but rings on in a resonant finish."
Ethiopia Durato Bombe,Magnolia Coffee,Medium-Light,United States,Ethiopia,5.58,94,March 2022,"Richly fruit-forward, deeply chocolaty. Dried mango, chocolate fudge, wisteria, cedar, pistachio in aroma and cup in aroma and cup. Sweetly tart structure with winy acidity; plush, syrupy mouthfeel. The rich-toned finish consolidates to notes of dried mango, chocolate fudge and cedar."
Ethiopia Durato Bombe,Per’la Specialty Roasters,Light,United States,Ethiopia,7.05,95,August 2022,"Massively floral, juicy, cocoa-toned. Distinct cocoa, honeysuckle, tangerine, caramel, cashew in aroma and cup. Deeply sweet, savory-edged in structure, with deep, vibrant acidity. Full, syrupy mouthfeel. The finish is sweet and rich, carrying most notes from the cup far into the long. "
Ethiopia Gora Kone Sidamo,Temple Coffee Roasters,Medium-Light,United States,Ethiopia,5.88,92,November 2021,"Brightly sweet-tart. Pomegranate, cedar, baking chocolate, freesia-like flowers, brown sugar in aroma and cup. Sweet-tart structure with pert acidity; crisp, velvety mouthfeel. The gently drying finish leads with notes of baking chocolate and freesia, rounding to cedar and brown sugar in the long."
Ethiopia Gora Kone Sidamo,Temple Coffee Roasters,Medium-Light,United States,Ethiopia,5.88,93,January 2019,"Fruit-forward, richly chocolaty. Raspberry coulis, chocolate fudge, brandy, cedar, mace in aroma and cup. Sweet-tart structure with gentle, rounded acidity; full, creamy mouthfeel. Fruit-toned finish: think berries enveloped in chocolate, with a hint of mace in the long."
Ethiopia Guji,States Coffee & Mercantile,Medium-Light,United States,Ethiopia,5.29,94,March 2019,"Richly sweet, spice-toned. Star jasmine, mango chutney, sandalwood, cacao nib, pink peppercorn in aroma and cup. Sweet-savory structure with crisp acidity; plush, syrupy mouthfeel. A richly drying finish leads with notes of jasmine and mango, supported by hints of incense-like sandalwood."
Ethiopia Guji,North Coast Coffee Roasting,Medium-Light,United States,Ethiopia,4.76,90,November 2018,"Crisply sweet, balanced. Baker’s chocolate, apricot, magnolia, cedar, almond in aroma and cup. Sweet-tart in structure with brisk acidity; velvety-smooth mouthfeel. The finish centers around apricot and magnolia in the short, with cedar and baker’s chocolate returning in the long. "
Ethiopia Guji Hambela Dabaye,Jaunt Coffee Roasters,Medium-Light,United States,Ethiopia,6.47,93,August 2022,"Delicately aromatic, richly sweet. Narcissus, honey, apricot, almond, Meyer lemon zest in aroma and cup. Sweetly tart structure with gently bright, floral acidity; smooth, silky mouthfeel. The finish consolidates to notes of honey and almond with undertones of narcissus."
Ethiopia Guji Hambela Dabaye,Sunny's Coffee,Light,Japan,Ethiopia,9.22,91,May 2021,"Gently fruit-toned, sweetly tart. Plum, cocoa nib, lemon verbena, oak, maple syrup in aroma and cup. Crisp, high-toned with juicy acidity; satiny mouthfeel. The sweetly herbaceous finish is driven by lemon verbena and maple syrup notes with oak undertones."
Ethiopia Guji Uraga,Pedestrian Coffee,Medium-Light,United States,Ethiopia,5.29,93,October 2019,"Crisp, delicate, richly sweet. Red plum, cocoa nib, jasmine, sandalwood, brown sugar in aroma and cup. Sweet-toned structure with vivacious acidity; plush, syrupy mouthfeel. Cocoa-toned plum and a hint of jasmine animate the quiet finish."
Ethiopia Guji Uraga,De Clieu Coffee,Medium-Light,Taiwan,Ethiopia,7.08,93,September 2020,"Crisp, delicate, richly sweet. Yellow plum, cocoa powder, narcissus, sandalwood, brown sugar in aroma and cup. Sweet-toned structure with lively acidity; full, satiny mouthfeel. Cocoa-toned plum and a hint of narcissus enliven the quiet finish."
Ethiopia Hambela Alaka,Big Creek Coffee Roasters,Medium-Light,United States,Ethiopia,4.7,93,March 2019,"High-toned, crisply sweet-tart. Apricot, almond, maple syrup, narcissus-like flower, cedar in aroma and cup. Sweetly tart structure with bright, juicy acidity; satiny mouthfeel. Resonant, flavor-saturated finish: apricot and narcissus in the short with cedar resurfacing in the long."
Ethiopia Hambela Alaka,Black Oak Coffee Roasters,Medium-Light,United States,Ethiopia,5.14,93,November 2017,"Very delicate, sweetly savory. Lemon verbena, allspice, dried persimmon, dogwood, baker’s chocolate in aroma and cup. Balanced, sweet-savory structure; velvety-smooth mouthfeel. The sweetly herb-toned finish centers on notes of lemon verbena and dried persimmon wrapped in baker’s chocolate."
Ethiopia Kayon Mountain,Red Rooster Coffee Roaster,Light,United States,Ethiopia,5.58,94,July 2018,"Elegant, intricately rich. Lemon verbena, raw honey, mango, star jasmine, roasted cacao nib in aroma and cup. Vibrantly sweet-tart in structure with juicy acidity; syrupy mouthfeel. The crisp, cocoa-toned finish consolidates to notes of lemon verbena and jasmine. "
Ethiopia Kayon Mountain,Lexington Coffee Roasters,Medium-Light,United States,Ethiopia,5.86,94,September 2020,"Richly chocolaty, deeply fruit-toned. Chocolate fudge, raspberry coulis, sandalwood, lilac in aroma and cup. Sweetly tart structure with juicy acidity; plush, lively mouthfeel. The floral- and fruit-toned finish is supported by chocolate tones throughout."
Ethiopia Kayon Mountain,Red Rooster Coffee Roaster,Light,United States,Ethiopia,5.14,93,November 2017,"Delicate, richly and sweetly tart. Dried hibiscus, fine musk, almond, sandalwood, raspberry in aroma and cup. Fruit-toned, deeply sweet structure with gently-expressed acidity; buoyant, satiny-smooth mouthfeel. The crisp, flavor-saturated finish is characterized by sweet-tart fruit and floral tones (raspberry, hibiscus)."
Ethiopia Kayon Mountain,Big Creek Coffee Roasters,Medium-Light,United States,Ethiopia,4.7,93,October 2018,"Intricate, richly sweet. Lemon verbena, raspberry, roasted cacao nib, maple syrup, jasmine in aroma and cup. Sweetly tart structure with crisp acidity; full, syrupy mouthfeel. The flavor-saturated finish centers around lemon verbena and maple syrup."
Ethiopia Kayon Mountain,Yellow Brick Coffee,Medium-Light,United States,Ethiopia,5.88,94,September 2022,"Richly sweet-tart, high-toned. Apricot nectar, almond nougat, jasmine, cedar, cocoa nib in aroma and cup. Richly sweet-tart structure with juicy-bright acidity; very syrupy, vibrant mouthfeel. Cocoa-toned finish with undertones of apricot and cedar."
Ethiopia Kayon Mountain,Ben's Beans,Medium-Light,United States,Ethiopia,4.98,93,November 2018,"Delicately sweet-tart, cocoa-toned. Roasted cacao nib, lemon zest, narcissus, mango, frankincense in aroma and cup. Intricately sweet, high-toned, with bright, juicy acidity; lush, syrupy mouthfeel. The richly sweet finish consolidates to cocoa-toned mango supported by notes of frankincense."
Ethiopia Kayon Mountain Natural,Lexington Coffee Roasters,Medium-Light,United States,Ethiopia,5.57,93,August 2018,"Richly sweet, floral-toned. Narcissus-like flowers, almond, maple syrup, apricot, myrrh in aroma and cup. Sweetly tart in structure, with bright, juicy acidity; delicate, silky mouthfeel. The richly drying finish is resonant with notes of amond and myrrh."
Ethiopia Kayon Mountain Natural,Lexington Coffee Roasters,Medium,United States,Ethiopia,6.17,94,August 2019,"Complex, chocolaty, richly sweet. Dark chocolate, guava, butterscotch, honeysuckle, ginger blossom in aroma and cup. Sweetly tart structure with high-toned acidity; crisp, syrupy mouthfeel. Long, resounding finish that carries over all the notes from the cup, in particular foregrounding guava and dark chocolate."
Ethiopia Kayon Mountain Natural,Roadmap CoffeeWorks,Medium-Light,United States,Ethiopia,5.86,93,September 2021,"Chocolaty, cleanly fruit-forward. Dark chocolate, blueberry, sandalwood, wisteria, lemongrass in aroma and cup. Sweet-tart structure with brisk acidity; syrupy-smooth mouthfeel. Richly chocolaty finish with undertones of wisteria and sandalwood."
Ethiopia Nano Genji,Temple Coffee Roasters,Medium-Light,United States,Ethiopia,6.32,92,August 2021,"Bright, richly chocolaty. Dark chocolate, pink grapefruit zest, plum, almond, lemon-thyme in aroma and cup. Sweet-tart structure with brisk acidity; full, velvety mouthfeel. Chocolaty, nut-toned finish with undertones of fresh-cut cedar."
Ethiopia Nano Genji,Temple Coffee,Light,United States,Ethiopia,7.5,95,September 2022,"Elegantly bright, delicately juicy, richly aromatic. Cocoa nib, ginger flower, apricot, pink grapefruit zest, hint of thyme in aroma and cup. Sweet-tart structure with juicy acidity; plush, syrupy mouthfeel. Resonant, long, flavor-saturated finish."
Ethiopia Reko,Temple Coffee and Tea,Medium-Light,United States,Ethiopia,5.58,91,November 2018,"Crisply sweet-tart. Apricot, sandalwood, maple syrup, orange zest, freesia-like flowers in aroma and cup. Sweet-tart structure with brisk acidity; satiny-smooth mouthfeel. The finish is quietly flavor-saturated, with lead notes of apricot and sandalwood."
Ethiopia Reko,Java Blend Coffee Roasters,Medium-Light,Canada,Ethiopia,3.31,92,March 2018,"Deeply and richly sweet. Strawberry, peach, sandalwood, almond butter, chrysanthemum in aroma and cup. Sweetly tart structure; crisp, satiny mouthfeel. The quiet finish consolidates around notes of almond and sandalwood."
Ethiopia Reko Estate Yirgacheffe,Temple Coffee and Tea,Medium-Light,United States,Ethiopia,5.58,92,January 2018,"Deep, intense, sweetly perfumy, savory-edged. Dark chocolate, vanilla, dried mango, sandalwood, a hint of dried mint in aroma and cup. Very sweet though also rather drying and tannic in structure; satiny mouthfeel. Resonant, flavor-saturated finish, sweet yet spicy, particularly impressive in the long."
Ethiopia Reko Estate Yirgacheffe,Temple Coffee Roasters,Medium-Light,United States,Ethiopia,5.73,92,February 2020,"Sweet, quietly intense, floral-toned. Rose, sandalwood, cashew, lemon verbena, a hint of mace in aroma and cup. Crisp and balanced in structure; silky mouthfeel. Flowers carry on deep into the finish."
Ethiopia Reko Yirgacheffe,Temple Coffee Roasters,Medium-Light,United States,Ethiopia,6.03,93,August 2021,"Floral-toned, deeply sweet. Tea rose, nectarine, sandalwood, cocoa nib, agave syrup in aroma and cup. Sweetly tart in structure with juicy, vibrant acidity and lightly satiny mouthfeel. Finish leads with notes of cocoa nib and tea rose, supported by hints of nectarine."
Ethiopia Reko Yirgacheffe,Temple Coffee Roasters,Medium-Light,United States,Ethiopia,6.03,94,September 2020,"Richly sweet, deeply aromatic, floral-toned. Plum, Meyer lemon zest, tea rose, sandalwood, maple syrup in aroma and cup. Balanced, sweetly tart structure; smooth, syrupy mouthfeel. Notes of tea rose and sandalwood permeate the rich finish."
Ethiopia Sidamo,Joe Van Gogh,Medium-Light,United States,Ethiopia,4.11,90,February 2020,"Cleanly fruit-toned, aromatic wood-framed. Strawberry, sandalwood, almond butter, freesia-like flowers, maple syrup in aroma and cup. Sweet-tart structure with crisp, fruity acidity; delicate, silky mouthfeel. "
Ethiopia Sidamo,Larry's Coffee,Medium,United States,Ethiopia,4.11,92,February 2020,"Richly sweet, roast-rounded. Dark chocolate, gardenia, gently scorched cedar, red plum, hazelnut in aroma and cup. Sweet structure with little discernible acidity; full, creamy mouthfeel. A chocolate-driven finish is supported by notes dark chocolate, gardenia and hazelnut."
Ethiopia Suke Quto,Roast House,Medium-Light,United States,Ethiopia,4.19,92,November 2017,"Delicate, sweetly spice-toned. Pink peppercorn, date, myrrh, lavender, roasted cacao nib in aroma and cup. Crisp, spice-toned structure with citrus-like acidity; satiny, very smooth mouthfeel. The crisply sweet finish centers around spice and pungent floral notes."
Ethiopia Suke Quto,Indaba Coffee Roasters,Medium-Light,United States,Ethiopia,4.7,93,August 2020,"Brightly fruit-toned, deeply sweet-tart. Pomegranate, jasmine, honey, cedar, pink grapefruit zest in aroma and cup. Sweetly tart structure with brisk acidity; full, creamy mouthfeel. Finish consolidates to notes of jasmine, honey and grapefruit."
Ethiopia Suke Quto Honey,Paradise Roasters,Medium-Light,United States,Ethiopia,5.81,95,December 2019,"Delicate, complex, multi-layered. Bergamot, dark chocolate, nougat, narcissus, cedar in aroma and cup. Richly sweet-savory structure with citrusy acidity; full, syrupy mouthfeel. The floral- and fruit-driven finish is supported by chocolate and aromatic wood notes."
Ethiopia Suke Quto Honey,Paradise Roasters,Medium-Light,United States,Ethiopia,5.28,94,February 2018,"Bright, richly sweet. Lime blossom, raspberry jam, sandalwood, roasted cacao nib, maple syrup in aroma and cup. Sweetly tart in structure with juicy acidity; viscous, buoyant mouthfeel. The finish leads with citrus and berry notes in the short, segueing to sandalwood-framed sweet florals in the long."
Ethiopia Worka Sakaro Anaerobic Natural,Red Rock Roasters,Medium,United States,Ethiopia,4.7,94,November 2021,"Richly bittersweet, citrus-toned. Bergamot, dark chocolate, narcissus, cedar, molasses in aroma and cup. Bittersweet structure with vibrant acidity; plush, syrupy mouthfeel. The finish centers around notes of dark chocolate and bergamot."
Ethiopia Worka Sakaro Anaerobic Natural,Red Rooster Coffee Roaster,Medium-Light,United States,Ethiopia,5.73,94,October 2021,"Deeply and richly sweet, chocolate- and berry-toned. Blackberry, dark chocolate fudge, almond nougat, agave syrup, fresh-cut cedar in aroma and cup. Sweet-toned structure with juicy-bright acidity; very full, satiny mouthfeel. The crisp finish consolidates to notes of dark chocolate fudge and blackberry."
Ethiopia Yirgacheffe,Mystic Monk Coffee,Medium,United States,Ethiopia,4.11,90,February 2018,"Richly sweet, chocolate-toned. Molasses, baker’s chocolate, lily, cedar, black peppercorn in aroma and cup. Bittersweet structure with round, gentle acidity; velvety-smooth mouthfeel. The finish is thoroughly chocolate-toned, leading with baker’s chocolate in the short complicated by deep florals and aromatic wood, rounding to cocoa powder and molasses in the long."
Ethiopia Yirgacheffe,Mystic Monk Coffee,Medium,United States,Ethiopia,4.11,91,February 2019,"Richly spice-toned, chocolaty. Dark chocolate, peppercorn medley, dried persimmon, gardenia, singed oak in aroma and cup. Sweet-toned structure with mild acidity; satiny, surprisingly full mouthfeel. Crisp, cocoa-laden finish with gardenia and persimmon as supporting undertones."
Ethiopia Yirgacheffe G1,VERYTIME,Light,Taiwan,Ethiopia,4.25,91,February 2022,"A friendly, accessible natural-processed Ethiopia cup: crisply sweet, deeply chocolaty, with hints of spicy florals throughout."
Ethiopia Yirgacheffe G1,Santos Coffee,Light,Hawai'i,Ethiopia,3.56,94,March 2019,"Multi-layered and expressive. Star jasmine, cherry, maple syrup, cocoa nib, almond in aroma and cup. Sweetly tart structure with lively acidity; full, syrupy mouthfeel. The resonant finish leads with notes of jasmine and almond in the short, with cocoa-toned cherry returning in the long."
Ethiopia Yirgacheffe Kochere,Cup to Cup Coffee Roasters,Medium-Light,United States,Ethiopia,3.53,93,August 2022,"Crisp, spicy, orange-toned. Spice box, black currant, orange, cocoa, a hint of sweet flowers in aroma and cup. Sweet-tart structure with a briskly savory edge; full, plump mouthfeel. Rich and round in the finish: orange, blackberry, a continued hint of flowers.  "
Ethiopia Yirgacheffe Kochere,Blues Brew Coffee,Medium-Light,Taiwan,Ethiopia,6.4,93,February 2019,"Delicate, sweetly herbaceous. Cocoa nib, bergamot, narcissus-like flowers, black tea, cedar in aroma and cup. Sweet-savory structure with rich, citrusy acidity; full, syrupy mouthfeel. The finish is redolent with notes of bergamot and narcissus in the short, cocoa-toned cedar in the long."
Finca La Maria Geisha Natural,Bird Rock Coffee Roasters,Medium-Light,United States,Colombia,22.49,95,April 2018,"Lush, high-toned, richly sweet. Apricot, bergamot zest, nougat, sandalwood, honeysuckle in aroma and cup. Deeply sweet in structure, with juicy, bright acidity; plump, syrupy mouthfeel. The finish is seemingly eternal, resonant with all the flavor notes from the cup: stone fruit, citrus zest, nutty caramel, aromatic wood and sweet florals."
Finca La Maria Geisha Natural,Blues Brew Coffee,Light,Taiwan,Colombia,36.81,94,February 2021,"Deeply pungent, sweetly savory. Dark chocolate, narcissus, black cherry, cardamom, cashew in aroma and cup. Sweet-savory structure with roundly tart acidity; full, creamy mouthfeel. The floral-toned finish leads with notes of narcissus, balanced by dark chocolate and cashew underneath. "
Finca San Carlos,El Gran Cafe,Light,Guatemala,Guatemala,3.82,88,December 2021,"Crisply sweet-savory. Pecan, pie cherry, brown sugar, oak, a hint of gardenia in aroma and cup. Bittersweet structure with brisk acidity; chewy mouthfeel. Pecan tones prevail in the crisply sweet finish."
Finca San Carlos,El Gran Café,Medium-Light,Guatemala,Guatemala,3.82,94,October 2020,"Richly sweet, nuanced, multi-layered. Apricot, star jasmine, cocoa nib, cashew, oak in aroma and cup. Sweet-savory structure with delicate acidity; full, lightly syrupy mouthfeel. Rich, long, cocoa-toned finish."
Gigesa Ethiopia,JBC Coffee Roasters,Medium-Light,United States,Ethiopia,5.58,93,January 2022,"Bright, citrusy. Lime zest, cocoa nib, lychee, marjoram, freesia-like flowers in aroma and cup. Lively structure with crisp acidity; satiny, viscous mouthfeel. The finish consolidates to notes of lime zest and marjoram."
Gigesa Ethiopia,JBC Coffee Roasters,Medium-Light,United States,Ethiopia,5.58,94,April 2022,"Complex, multi-layered, deeply sweet. Dark chocolate, date, butterscotch, ginger blossom, marjoram in aroma and cup. Sweetly tart structure with high-toned acidity; syrupy mouthfeel. The resonant finish centers around notes of date and dark chocolate."
Gigesa Ethiopia,JBC Coffee Roasters,Light,United States,Ethiopia,5.29,94,August 2021,"Delicate, richly aromatic, complex. Tangerine zest, cocoa nib, guava, marjoram, jasmine in aroma and cup. Sweet-tart structure with zesty-bright acidity; silky, vibrant mouthfeel. The finish leads with notes of guava and tangerine zest, rounding to cocoa and marjoram in the long."
Guatemala Acatenango Geisha,Black Coffee In Black Jar,Medium-Light,Taiwan,Guatemala,32.0,92,December 2019,"Delicately sweet, floral toned. Narcissus, plum, cedar, cocoa nib, almond in aroma and cup. Deeply sweet in structure with gentle, rounded acidity; full, satiny mouthfeel. Crisp, richly drying finish with notes of narcissus and cocoa nib."
Guatemala Acatenango Geisha,Regent Coffee,Light,United States,Guatemala,8.67,93,March 2021,"High-toned, richly sweet. Bing cherry, narcissus, almond butter, lemon verbena, cedar in aroma and cup. Sweet-tart structure with bright acidity; crisp, satiny-smooth mouthfeel. The finish leads with notes of cherry and lemon verbena, rounding to rich almond notes in the long."
Guatemala Bella Carmona,Conscious Cup Coffee Roasters,Medium-Light,United States,Guatemala,5.58,94,August 2020,"Deeply chocolaty, vibrantly high-toned. Dark chocolate, nectarine, almond butter, freesia-like flowers, lemon thyme in aroma and cup. Sweet-tart structure with bright, juicy acidity; plush, syrupy-smooth mouthfeel. The resonantly chocolaty finish is supported by notes of almond butter and hints of freesia."
Guatemala Bella Carmona,Atom Coffee Roasters,Medium-Light,Taiwan,Guatemala,5.82,93,September 2020,"Deep-toned, cleanly fruit-centered. Pineapple, violet candy, almond brittle, cedar, brown sugar in aroma and cup. Sweet structure with brisk acidity; silky-smooth, lively mouthfeel. The finish is quietly flavor-saturated."
Guatemala Bella Carmona,Highwire Coffee Roasters,Medium-Light,United States,Guatemala,5.36,92,September 2020,"Deep-toned, chocolaty. Dark chocolate, date, hazelnut, agave syrup, pink grapefruit zest in aroma and cup. Sweetly tart structure with pert acidity; delicately smooth mouthfeel. Chocolate- and hazelnut-toned finish."
Guatemala Bella Carmona,Big Shoulders Coffee,Medium-Light,United States,Guatemala,5.29,93,December 2020,"Chocolaty, floral-toned. Baking chocolate, honeysuckle, date, almond butter, cedar in aroma and cup. Sweet structure with bright acidity; satiny-smooth mouthfeel. Baking chocolate and honeysuckle, supported by cedar, carry the finish."
Guatemala Los Santos,Temple Coffee,Medium-Light,United States,Guatemala,6.47,93,September 2022,"Crisply sweet-tart, richly nut-toned. Pomegranate, baking chocolate, hazelnut, lime zest, cedar in aroma and cup. Sweet-tart structure with gently bright, balanced acidity; crisp, satiny mouthfeel. Quiet finish centered around sweet nut and chocolate tones."
Guatemala Los Santos,Temple Coffee Roasters,Medium-Light,United States,Guatemala,5.58,92,August 2019,"Bittersweet, rich-toned. Date, grapefruit zest, hazelnut, cedar, freesia-like flowers in aroma and cup. Sweet-toned structure with brisk acidity; full, syrupy mouthfeel. The finish is framed by aromatic wood notes (cedar) with date and hazelnut undertones and a throughline of grapefruit zest."
Haraaz Red,JBC Coffee Roasters,Medium-Light,United States,Yemen,8.82,93,December 2021,"Crisply fruit-forward, sweetly tart. Goji berry, cinnamon, carnation, dark chocolate, hazelnut in aroma and cup. Deeply sweet structure with crisp acidity; plush, satiny mouthfeel. Gently fruity finish centered around notes of dark chocolate and goji berry."
Haraaz Red,JBC Coffee Roasters,Medium-Light,United States,Yemen,7.72,95,April 2021,"Deeply spice-toned, singular and complex. Dried red currant, sandalwood, fresh cinnamon, dark chocolate, brown sugar in aroma and cup. Richly sweet with wine-toned acidity; viscous, full mouthfeel. The spice-toned finish is supported by notes of dark chocolate and red currant."
Holiday Blend,Olympia Coffee Roasting,Medium-Light,United States,Ethiopia,5.73,93,December 2018,"Delicate, sweetly savory. Red currant, honeysuckle, roasted cacao nib, agave syrup, eucalyptus in aroma and cup. Lively acidity lifts the sweet-savory structure; full, syrupy mouthfeel. The richly drying finish consolidates to notes of red currant, eucalyptus and cacao nib."
Holiday Blend,Hala Tree Kona Coffee,Medium,Hawai'i,Hawai'I,14.33,93,November 2020,"Richly sweet, chocolaty, spice-toned. Dark chocolate, plum, macadamia nut, baking spices, narcissus in aroma and cup. Sweet structure with gentle, round acidity; syrupy-smooth mouthfeel. The finish is deeply chocolaty with notes of baking spices lingering into the long."
Holiday Coffee,Hula Daddy Kona Coffee,Medium-Light,Hawai'i,Hawai'I,17.61,94,November 2020,"Sweet-toned with a distinct lactic tang. Dried mango, fermenty tangerine, fresh yogurt, narcissus, Nutella in aroma and cup. Savory-sweet structure with lactic-leaning acidity; smooth, satiny mouthfeel. The long, sweet finish consolidates around notes of Nutella and tangerine."
Holiday Coffee,Hula Daddy Kona Coffee,Medium-Light,Hawai'i,Hawai'I,22.02,96,November 2021,"Richly sweet-savory, deep-toned. Baking spices, dark chocolate, date, narcissus, tangerine zest in aroma and cup. Sweetly savory structure with juicy, resonant acidity; plush, creamy mouthfeel. Long, lingering, flavor-saturated finish that leads with baking spices with undertones of dark chocolate and narcissus."
Karatina Kenya,JBC Coffee Roasters,Medium-Light,United States,Kenya,6.47,95,April 2021,"Richly aromatic, deeply complex. Tamarind, narcissus, black currant, ripe tomato, cocoa nib in aroma and cup. Sweet-savory structure with juicy-tart acidity; very full, syrupy-smooth mouthfeel. Savory-leaning finish driven by notes of ripe tomato and cocoa nib with undertones of black currant and cedar."
Karatina Kenya,JBC Coffee Roasters,Medium-Light,United States,Kenya,6.76,95,June 2022,"Berry-driven, complexly sweet-savory. Mulberry, praline, cocoa nib, lilac, tangerine zest in aroma and cup. Brightly sweet-savory structure with juicy, vibrant acidity; full, syrupy-smooth mouthfeel. Resonant, lingering, berry-toned finish, chocolaty and floral."
Karen J Kona Red Bourbon,Hula Daddy Kona Coffee,Medium-Light,Hawai'i,Hawai'I,0.17,94,May 2020,"Crisply fruit-centered, floral-toned. Mango, cocoa nib, lilac, honey, Meyer lemon in aroma and cup. Sweet-toned structure with lush, elegant acidity; crisply viscous mouthfeel. Balanced, layered finish."
Karen J Kona Red Bourbon,Hula Daddy Kona Coffee,Medium-Light,Hawai'i,Hawai'I,22.02,96,August 2022,"Deep-toned, complexly layered, vibrantly aromatic. Black cherry, honeysuckle, cocoa nib, sugar cane, lemon balm in aroma and cup. Richly bittersweet structure with tart, juicy acidity; crisp, satiny mouthfeel. Very long, nuanced, resonant finish."
Karen J Kona Red Bourbon,Hula Daddy Kona Coffee,Medium-Light,Hawai'i,Hawai'I,22.02,95,November 2021,"Floral-toned, delicately chocolaty. Lilac, cocoa nib, red currant, honey, pink grapefruit zest in aroma and cup. Richly sweet structure; bright, balanced acidity. Syrupy-smooth mouthfeel. The finish leads with cocoa nib and concludes with honey-toned red currant."
Kenya,Evie's Cafe,Medium,Taiwan,Kenya,5.64,92,August 2018,"Sweetly savory, chocolate-toned. Baker’s chocolate, singed cedar, gardenia, plum, molasses in aroma and cup. Crisply sweet-savory structure; delicate, satiny mouthfeel. The richly drying finish centers around baker’s chocolate and pleasantly smoky aromatic wood notes."
Kenya,CafeTaster,Medium-Light,Taiwan,Kenya,8.46,95,August 2022,"Nuanced, multi-layered. Almond brittle, pomegranate, dark chocolate, narcissus, lemon-thyme in aroma and small cup. Sweetly savory with juicy acidity; syrupy-smooth, vibrant mouthfeel with. Resonant, long, flavor-saturated finish. "
Kenya Kirinyaga,Big Shoulders Coffee,Medium-Light,United States,Kenya,6.17,93,December 2019,"Rich-toned, sweetly savory, vibrant. Cocoa nib, black currant, myrrh, apricot, hop flowers in aroma and cup. Sweet, savory-edged structure with brisk acidity; plush, syrupy mouthfeel. The resonant finish centers around apricot and hop flowers in the short, cocoa nib and myrrh in the long."
Kenya Kirinyaga,Big Shoulders Coffee,Light,United States,Kenya,4.41,94,March 2018,"Intricately layered, deeply and sweetly pungent. Roasted cacao nib, lemon zest, lilac, candied ginger, frankincense in aroma and cup. Sweet-tart structure with bright, juicy acidity; full, syrupy mouthfeel. The complex finish sustains all of the flavor notes from the cup, sweet flowers in particular."
Kenya Kirinyaga Mukangu AB,Kakalove Cafe,Medium-Light,Taiwan,Kenya,4.6,95,November 2017,"Crisply sweet-savory. Lavender, roasted cacao nib, strawberry guava, hazelnut, toasted barley in aroma and cup. Sweetly floral structure with savory undertones; crisp, velvety mouthfeel. The cocoa-toned finish leads with spicy florals and tropical fruit in the short, grounded by pleasing notes of toasted barley in the long."
Kenya Kirinyaga Mukangu AB,Coffee Please,Medium-Light,Taiwan,Kenya,5.66,92,May 2018,"Richly sweet-savory, spice-toned. Black currant, roasted cacao nib, freesia-like flowers, almond, molasses in aroma and cup. Sweet-savory in structure with crisply bright acidity; velvety mouthfeel. The quietly nuanced finish centers around black currant and freesia tones in the short, molasses and almond in the long."
Kenya Kirinyaga Peaberry,Wildgoose Coffee Roasters,Light,United States,Kenya,6.17,93,March 2021,"Vibrant, sweetly savory, floral-toned. Cocoa nib, black currant, amber, honeysuckle, hop flowers in aroma and cup. Sweetly savory structure with juicy acidity; crisp, lightly syrupy mouthfeel. The resonant finish centers around black currant and hop flowers in the short, cocoa nib and amber in the long."
Kenya Kirinyaga Peaberry,Big Shoulders Coffee,Medium-Light,United States,Kenya,6.47,93,October 2020,"Richly sweet-tart, chocolaty. Tangerine, dark chocolate, almond butter, freesia-like flowers, a hint of marjoram in aroma and cup. Sweet-tart structure with bright, juicy acidity; full, satiny mouthfeel.The finish consolidates to suggestions of chocolate and tangerine."
Kenya Nyeri,Nostalgia Coffee Roasters,Medium-Light,United States,Kenya,8.23,93,January 2021," Vibrantly sweet-tart, balanced. Lemon drop, red currant, cocoa nib, almond butter, cedar in aroma and cup. Sweetly tart structure with bright, vibrant acidity; crisp, satiny mouthfeel. Finish consolidates to notes of citrusy cocoa and red currant."
Kenya Nyeri,Green Stone Coffee,Medium-Light,Taiwan,Kenya,9.24,94,March 2021,"Rich-toned, deeply aromatic. Black currant, toffee, narcissus, cedar, agave syrup in aroma and cup. Sweetly tart with bright, juicy acidity; syrupy-smooth mouthfeel. The finish consolidates to notes of black currant and toffee that carry far into the long."
Kenya Nyeri,Peacock Coffee Roaster,Medium-Light,Taiwan,Kenya,6.4,94,November 2020,"High-toned, richly sweet-tart. Black currant, hibiscus flower, fresh-cut cedar, roasted cocoa nib, tamarind in aroma and cup. Richly sweet-tart structure with resonant, lively acidity; very syrupy mouthfeel. The pleasing finish leads with black currant and hibiscus flower in the short, rounding to cocoa nib and cedar in the long."
KonAroma Direct Trade Kona,Jampot Poorrock Abbey,Medium,United States,Hawai'I,10.58,92,March 2020,"Richly sweet, floral- and nut-toned. Magnolia, cashew butter, cedar, maple syrup, red grape in aroma and cup. Sweet structure with gentle, round acidity; full, satiny mouthfeel. Resonant finish centers around suggestions of magnolia and nut-butter."
KonAroma Direct Trade Kona,Jampot Poorock Abbey,Medium,United States,Hawai'I,10.58,90,March 2019,"Deep, sweet, gently roasty. Orange zest, scorched cedar, cocoa, roasted cashew, a hint of lily in aroma and cup. Roasty pungent but sweet in structure; plush and lightly syrupy in mouthfeel. Chocolaty, richly drying in the finish.  "
Kona Mocca®,Hula Daddy Kona Coffee,Medium-Light,Hawai'i,Hawai'I,39.66,95,November 2021,"Exuberantly sweet-toned, richly floral. Dark chocolate, narcissus, sandalwood, blood orange zest, cedar in aroma and cup. Sweet-toned structure with bright, fruity acidity; full, satiny mouthfeel. The finish centers around citrus, chocolate, and flowers."
Kona Mocca®,Hula Daddy Kona Coffee,Medium,Hawai'i,Hawai'I,19.82,96,November 2018,"Enchantingly rich, intensely floral, unique. Dried black cherry, tea rose, Cognac, chocolate fudge, gently scorched almond wood in aroma and cup. Deeply sweet-savory in structure with crisp, apple-toned acidity; plump, syrupy mouthfeel. Exceptionally long finish that carries over all the aroma and flavor notes from the cup, plus an umami intrigue akin to candied bacon."
Kona Mocca®,Hula Daddy Kona Coffee,Medium-Light,Hawai'i,Hawai'I,38.58,96,April 2021,"Lyrically sweet, luxuriously chocolaty. Chocolate fudge, tamarind, sandalwood, narcissus, a hint of wine barrel in aroma and cup. Sweetly tart structure with vibrant, juicy acidity; plush, creamy mouthfeel. The finish resolves around chocolate fudge and tamarind with undertones of rich sandalwood."
Kona Mocca®,Hula Daddy Kona Coffee,Medium,Hawai'i,Hawai'I,19.82,95,February 2018,"Crisp, delicate, yet intense and original. Lush, rose-like flowers, dark chocolate, cedar, almond, ripe pineapple in aroma and cup. Balanced and complete in structure, poised at a round, satisfying intersection of sweet, tart and bitter. Light but syrupy in texture. Layered and resonant in the finish: rose, chocolate, almond all ring on."
Kona Mocca®,Hula Daddy Kona Coffee,Medium-Light,Hawai'i,Hawai'I,33.05,96,November 2020,"Chocolaty, richly sweet-tart, deep-toned. Chocolate fudge, passion fruit, sandalwood, lily, a hint of Cognac in aroma and cup. Sweetly and opulently tart with generous, bright acidity; lush, viscous mouthfeel. Sandalwood- and chocolate-toned finish with undertones of passionfruit into the long."
Kona SL34,Kona Farm Direct,Medium,Hawai'i,Hawai'I,16.12,93,November 2020,"Delicately sweet-savory, floral-toned. Lilac, plum, almond brittle, lemon verbena, gently scorched elm in aroma and cup. RIchly bittersweet structure with gentle acidity; syrupy-smooth mouthfeel. The finish centers around notes of lemon verbena and lightly scorched elm."
Kona SL34,Kona Farm Direct,Medium-Light,Hawai'i,Hawai'I,17.61,90,February 2020,"Crisply sweet, meadowy. Molasses, lilac, wheat grass, fresh cucumber, fresh-cut elm in aroma and cup. Delicately sweet-savory in structure; lightly syrupy in mouthfeel. Fresh, sweet, rather simple finish."
Kona SL34 Champagne Natural Uluwehi Farm,Paradise Roasters,Medium-Light,United States,Hawai'I,26.46,94,May 2022,"Tropical fruit-toned, juicy and bright. Lychee, mango, almond butter, osmanthus, oak in aroma and cup. Sweet in structure with winey acidity; crisp, syrupy mouthfeel. Fruit-driven finish supported by notes of almond and oak."
Kona SL34 Champagne Natural Uluwehi Farm,Paradise Roasters,Medium-Light,United States,Hawai'I,26.46,95,June 2022,"Fruit-forward, elegantly bright. Lychee, passionfruit, cashew butter, sandalwood, bergamot in aroma and cup. Sweetly tart with vibrant acidity; crisp, syrupy mouthfeel. Fruit-toned finish with undertones of cashew butter and sandalwood. "
Laura’s Reserve SL34,Hula Daddy Kona Coffee,Medium-Light,Hawai'i,Hawai'I,27.76,95,October 2020,"Balanced, complex, rich-toned. Cocoa nib, pluot, tangerine zest, star jasmine, lemon verbena in aroma and cup. Deeply sweet, high-toned structure with juicy, vibrant acidity; plush, syrupy mouthfeel. The long, resonant finish maintains the multi-layered notes from the cup."
Laura’s Reserve SL34,Hula Daddy Kona Coffee,Medium-Light,Hawai'i,Hawai'I,27.76,96,November 2021,"Harmoniously balanced, deep-toned, bright. Nectarine, cocoa nib, pink grapefruit zest, star jasmine, marjoram in aroma and cup. Richly sweet-savory structure with malic, apple-toned acidity; plush, syrupy-smooth mouthfeel. The satisfying finish carries over all the flavor notes from the cup. "
Mama Cata Mokkita,Paradise Roasters,Medium-Light,United States,Panama,132.28,97,November 2021,"Aromatically other-worldly, resoundingly juicy. Caramelized pineapple, aromatic orchid, pistachio, raw chocolate, oolong tea in aroma and cup. Sweet-savory-tart structure with gently bright acidity; deep, syrupy mouthfeel. Flavor-laden finish with especially impressive fruit and florals."
Mama Cata Mokkita,Cafe Unido,Medium-Light,United States,Panama,23.52,95,September 2021,"Rich, resonant, lyrically juicy. Dark chocolate, dried white peach, lilac, myrrh, ginseng in aroma and cup. Balanced, high-toned structure with juicy-bright acidity; plush, syrupy-smooth mouthfeel. Long, lingering, integrated finish fulfills the promise of the cup."
Nicaragua Mierisch Finca La Huella Yellow Pacamara Honey,Small Eyes Cafe,Light,Taiwan,Nicaragua,11.02,93,November 2018,"Aromatically subtle, sweetly tart. Pie cherry, roasted cacao nib, pistachio, thyme, freesia-like flowers in aroma and cup. Sweetly tart structure with juicy, vibrant acidity; viscous, syrupy acidity. The finish consolidates to notes of cocoa-toned pie cherry and freesia."
Nicaragua Mierisch Finca La Huella Yellow Pacamara Honey,Kakalove Cafe,Light,Taiwan,Guatemala,7.08,93,November 2018,"Crisp, richly sweet-toned. Tamarind, hazelnut, maple syrup, pink peppercorn, narcissus-like flowers in aroma and cup. Sweetly tart structure with gentle acidity; plush, syrupy mouthfeel. The finish consolidates to notes of tamarind, hazelnut and pink peppercorn."
Panama Hacienda La Esmeralda Gesha,Big Shoulders Coffee,Medium-Light,United States,Panama,24.69,96,December 2020,"Complex, floral- and citrus-toned. Lilac, cocoa nib, tangerine zest, apricot, sandalwood in aroma and cup. Delicately sweet-tart with juicy acidity; very full, syrupy mouthfeel. The deeply flavor-saturated finish resonates on and on."
Panama Hacienda La Esmeralda Gesha,modcup coffee,Light,United States,Panama,29.39,94,December 2021,"High-toned, balanced, richly sweet-tart. Dried apricot, star jasmine, cocoa nib, caramel, star anise in aroma and cup. Sweetly tart structure with juicy, engaging"
Pantan Musara Sumatra,JBC Coffee Roasters,Medium-Light,United States,Indonesia,5.26,94,June 2021,"Evaluated as espresso. Spice-toned, richly sweet-savory. Baking spices, mulberry, dark caramel, marjoram, narcissus in aroma and small cup. Nectar-like mouthfeel; crisp, sweet finish. In cappuccino-scaled milk, mulberry and clove notes lead, with undertones of dark caramel and narcissus."
Pantan Musara Sumatra,JBC Coffee Roasters,Medium-Light,United States,Indonesia,6.17,94,August 2022,"Richly spice- and fruit-toned. Nectarine, clove, narcissus, cocoa nib, cedar in aroma and cup. Brightly sweet structure with vibrant, juicy acidity; full, syrupy-smooth mouthfeel. The balanced finish leads with notes of cocoa nib and nectarine, supported by clove, cedar and a hint of narcissus."
Proyecto Aurora,El Gran Cafe,Medium-Light,Guatemala,Guatemala,2.94,93,November 2022,"Chocolaty, floral-framed. Cocoa nib, honeysuckle, date, almond butter, cedar in aroma and cup. Sweet structure with bright acidity; satiny-smooth mouthfeel. Cocoa nib and honeysuckle carry the finish, with hints of cedar underneath."
Proyecto Aurora,El Gran Cafe,Medium-Light,Guatemala,Guatemala,2.94,92,December 2021,"Richly floral, deep-toned. Narcissus, cocoa nib, peach, fir, almond in aroma and cup. Sweet structure with pert acidity; velvety mouthfeel. The finish shows a pretty floral throughline supported by notes of stone fruit and cocoa nib."
Sudan Rume,JBC Coffee Roasters,Medium-Light,United States,Colombia,13.23,95,August 2021,"Complex, sweetly and intricately herbaceous, citrusy. Lemon verbena, cardamom, cocoa nib, ginger, aromatic orchid in aroma and cup. Sweetly savory with delicately juicy acidity; crisp, silky mouthfeel. Long, resonant, flavor-saturated finish."
Sudan Rume,modcup coffee,Light,United States,Colombia,17.64,94,June 2020,"Spice-toned, delicate and deep. Cardamom, black tea, bergamot, honeysuckle, sandalwood in aroma and cup. Sweet-savory structure with juicy acidity; full, syrupy-smooth mouthfeel. Flavor-saturated finish leads with cardamom and bergamot, rounding to honeysuckle-toned sandalwood in the long."
Sumatra Dark,Starbucks Coffee,Dark,United States,Indonesia,3.08,87,February 2020,"Roast-dominant, smoky-sweet. Dark chocolate, burned mesquite, lily, prune, fresh earth in aroma and cup. Bittersweet structure with barely perceptible acidity; heavy, smooth mouthfeel. Persistent dark chocolate notes lift a rather bitter, earthy finish."
Sumatra Dark,Starbucks Coffee,Dark,United States,Indonesia,3.82,90,April 2022,"Earthy, bittersweet. Fresh-cut oak, cocoa powder, fresh leather, sweet pea, lily in aroma and cup. Bittersweet structure with barely perceptible acidity; very full, creamy mouthfeel. Wood-framed finish with hints of dark chocolate and fresh leather."
Sumatra Pantan Musara,Paradise Roasters,Medium-Light,United States,Indonesia,5.86,93,April 2019,"Richly and vivaciously sweet-savory. Pipe tobacco, date, grapefruit zest, spearmint, rose-like flowers in aroma and cup. Sweetly tart and deeply savory, almost meaty in structure. Syrupy but crisply drying mouthfeel. Flavor consolidates around grapefruit, spearmint and rose in a savory-bottomed, lasting finish."
Sumatra Pantan Musara,Revel Coffee,Medium-Light,United States,Indonesia,6.17,94,June 2020,"Richly sweet-savory, deeply aromatic. Black currant, cocoa nib, pink peppercorn, lilac, sandalwood in aroma and cup. Sweet-savory structure with high-toned acidity; viscous, satiny mouthfeel. Resonant, umami-leaning finish with notes of pink peppercorn and sandalwood."
Suyusama Colombia,Bird Rock Coffee Roasters,Medium-Light,United States,Colombia,5.58,93,April 2021,"Chocolaty, sweetly nut-toned. Baking chocolate, hazelnut butter, Bing cherry, cedar, maple syrup in aroma and cup. Sweet in structure with brisk acidity; lightly syrupy mouthfeel. The resonant finish leads with notes of baking chocolate and hazelnut (think Nutella) with undertones of cherry."
Suyusama Colombia,Bird Rock Coffee Roasters,Medium-Light,United States,Colombia,5.58,93,June 2020,"Cocoa-toned, crisply sweet. Cocoa powder, hazelnut butter, pear, cedar, agave syrup in aroma and cup. Sweet in structure with brisk acidity; velvety mouthfeel. The finish consolidates to notes of hazelnut and pear with undertones of cocoa powder."
Suyusama Colombia,Bird Rock Coffee Roasters,Medium-Light,United States,Colombia,5.58,92,May 2019,"Richly bittersweet with pleasing savory undertones. Milk chocolate, hop flowers, apricot, narcissus, sandalwood in aroma and cup. Savory-sweet structure with brisk acidity; plush, satiny mouthfeel. Crisp, resonant finish with notes of milk chocolate and hop flowers. "
Yemen Mocha Haimi,Dragonfly Coffee Roasters,Light,United States,Yemen,15.43,94,July 2021,"Delicately perfumed, sweetly fermenty. Green grape, rum barrel, rhododendron, cocoa nib, oak in aroma and cup. Sweet-tart structure with juicy acidity; syrupy-smooth mouthfeel. Sweet ferment suggesting rum barrel animates the crisply cocoa-toned finish. "
Yemen Mocha Haimi,Dragonfly Coffee Roasters,Medium-Light,United States,Yemen,17.64,93,October 2021,"Quietly complex, gently bright. Macadamia nut, baking chocolate, magnolia, blackberry, cedar in aroma and cup. Sweet-toned structure with gentle, round acidity; full, syrupy mouthfeel. The resonant finish centers around notes of crisp chocolate and cedar."
